지점번호,지점명,일시,평균기온(℃),평균최고기온(℃),최고기온(℃),최고기온일자,평균최저기온(℃),최저기온(℃),최저기온일자
108,서울,Jan-73,0.4,4.2,11.3,1973-01-22,-2.5,-11.3,1973-01-03
108,서울,Feb-73,0.6,5.2,14.4,1973-02-16,-3.2,-9.4,1973-02-25
108,서울,Mar-73,4.5,10,20.8,1973-03-30,0.4,-5.3,1973-03-02
108,서울,Apr-73,12.4,17.6,27.7,1973-04-30,8,0.9,1973-04-05
108,서울,May-73,17.4,22.9,27.8,1973-05-14,12.8,9.5,1973-05-10
108,서울,Jun-73,21.4,26.1,30.8,1973-06-10,17.8,12.9,1973-06-03
108,서울,Jul-73,26.8,31.2,34.5,1973-07-18,23.6,19.7,1973-07-02
108,서울,Aug-73,25.9,29.8,35.2,1973-08-16,23,21.2,1973-08-31
108,서울,Sep-73,20.3,25,28.6,1973-09-07,16.5,8.3,1973-09-27
108,서울,Oct-73,13,18.1,24.9,1973-10-11,8.7,2.2,1973-10-26
108,서울,Nov-73,4.7,9.3,16.9,1973-11-01,0.8,-7.1,1973-11-20
108,서울,Dec-73,-3,1.7,10.8,1973-12-02,-7,-17.4,1973-12-24
108,서울,Jan-74,-2.4,2.5,9.3,1974-01-02,-6.3,-15.5,1974-01-24
108,서울,Feb-74,-2.1,1.9,9.9,1974-02-18,-5.5,-14,1974-02-26
108,서울,Mar-74,3.7,8.9,19.5,1974-03-30,-0.1,-8,1974-03-12
108,서울,Apr-74,10.7,15.8,23.1,1974-04-06,6.2,0.8,1974-04-02
108,서울,May-74,16.7,22.1,29.3,1974-05-17,12.1,7,1974-05-01
108,서울,Jun-74,19.7,25.1,31.1,1974-06-26,15.5,9.7,1974-06-05
108,서울,Jul-74,23.5,27.2,30.7,1974-07-22,20.9,18.2,1974-07-01
108,서울,Aug-74,25.1,29.4,33.9,1974-08-19,21.8,15.7,1974-08-25
108,서울,Sep-74,20.6,25.8,29.9,1974-09-01,16.5,11.2,1974-09-19
108,서울,Oct-74,12.6,17.9,23.2,1974-10-06,7.8,0,1974-10-31
108,서울,Nov-74,5.4,10.5,20.3,1974-11-06,1.3,-4.8,1974-11-13
108,서울,Dec-74,-0.5,3.7,10.3,1974-12-01,-4.1,-10.2,1974-12-04
108,서울,Jan-75,-2.7,1.8,7,1975-01-07,-6.3,-11.8,1975-01-18
108,서울,Feb-75,-0.8,4,10.6,1975-02-03,-4.5,-9.7,1975-02-08
108,서울,Mar-75,4.4,9.7,15.8,1975-03-18,0.5,-5,1975-03-01
108,서울,Apr-75,13.3,19.3,29,1975-04-30,8.4,1.2,1975-04-03
108,서울,May-75,16.7,22.2,27.7,1975-05-01,12.3,7.8,1975-05-07
108,서울,Jun-75,21.4,26.7,32.4,1975-06-20,17.5,13.2,1975-06-01
108,서울,Jul-75,24.9,28.8,33.4,1975-07-30,22,18.4,1975-07-12
108,서울,Aug-75,27,31.9,35.3,1975-08-18,23.4,20.4,1975-08-11
108,서울,Sep-75,22.6,27.1,31.5,1975-09-05,19,13.6,1975-09-24
108,서울,Oct-75,15.4,20.6,25.6,1975-10-06,11.2,5.4,1975-10-30
108,서울,Nov-75,9,13.8,20.7,1975-11-05,5.2,-6.4,1975-11-23
108,서울,Dec-75,-1.6,2.8,14.8,1975-12-04,-5,-10.8,1975-12-24
108,서울,Jan-76,-3.8,0.7,8.5,1976-01-01,-7.8,-16.3,1976-01-20
108,서울,Feb-76,2.8,7.1,14.5,1976-02-14,-0.7,-6.4,1976-02-06
108,서울,Mar-76,4.8,10.1,15.2,1976-03-27,1,-6.6,1976-03-19
108,서울,Apr-76,11.3,17,25,1976-04-21,6.7,0.1,1976-04-02
108,서울,May-76,16.7,22.7,32.2,1976-05-27,11.5,5.5,1976-05-04
108,서울,Jun-76,21.3,26.9,34.8,1976-06-28,17.2,13.7,1976-06-03
108,서울,Jul-76,23.1,27.7,33.5,1976-07-25,19.7,12.9,1976-07-03
108,서울,Aug-76,23.7,27.6,32,1976-08-18,20.9,16.4,1976-08-25
108,서울,Sep-76,19.9,25.3,30.2,1976-09-03,15.4,11,1976-09-22
108,서울,Oct-76,13.7,19,25.1,1976-10-09,9.2,-1.5,1976-10-31
108,서울,Nov-76,3.5,8,19.4,1976-11-09,-0.4,-6.3,1976-11-29
108,서울,Dec-76,0.4,4.6,12.2,1976-12-03,-3.4,-18.5,1976-12-27
108,서울,Jan-77,-6.7,-2.5,4.2,1977-01-25,-10.1,-15.8,1977-01-29
108,서울,Feb-77,-2.4,2.6,15,1977-02-25,-6.6,-16.8,1977-02-16
108,서울,Mar-77,5.4,11.1,22,1977-03-17,0.7,-11.5,1977-03-04
108,서울,Apr-77,12.5,18.2,26.7,1977-04-23,7.3,2.4,1977-04-02
108,서울,May-77,17.4,23,29.3,1977-05-20,12.4,6.8,1977-05-03
108,서울,Jun-77,22.5,27.9,34.6,1977-06-27,17.9,13.7,1977-06-03
108,서울,Jul-77,26,30.1,35,1977-07-29,22.9,18.3,1977-07-12
108,서울,Aug-77,24.6,29.3,33.3,1977-08-01,20.6,17.1,1977-08-14
108,서울,Sep-77,21.5,26.7,31.1,1977-09-04,17.4,8.8,1977-09-22
108,서울,Oct-77,16.7,22.7,28.8,1977-10-04,11.7,5.6,1977-10-16
108,서울,Nov-77,7.6,11.8,20.2,1977-11-04,3.8,-4.3,1977-11-28
108,서울,Dec-77,2.4,6.3,13.7,1977-12-15,-0.9,-9.4,1977-12-26
108,서울,Jan-78,-2.4,1.7,7.4,1978-01-06,-6,-13.3,1978-01-31
108,서울,Feb-78,-2.5,2,11,1978-02-27,-6.2,-16,1978-02-01
108,서울,Mar-78,4.2,9.2,17.4,1978-03-07,-0.2,-8.2,1978-03-01
108,서울,Apr-78,11.5,17.2,25,1978-04-14,6.6,0.4,1978-04-03
108,서울,May-78,18.5,25.1,29.8,1978-05-28,12.9,7.2,1978-05-02
108,서울,Jun-78,21.9,26.9,30.7,1978-06-24,18.2,12.5,1978-06-01
108,서울,Jul-78,26.4,30.1,36.1,1978-07-28,23.3,18.2,1978-07-12
108,서울,Aug-78,25.8,29.8,34.4,1978-08-01,23.1,19.2,1978-08-21
108,서울,Sep-78,20.9,25.8,30.6,1978-09-06,17.1,13.4,1978-09-20
108,서울,Oct-78,14.5,20.1,29.2,1978-10-01,10,4.2,1978-10-12
108,서울,Nov-78,7.9,12.7,18.2,1978-11-07,4.1,-5,1978-11-29
108,서울,Dec-78,1.6,5.6,14.6,1978-12-08,-1.6,-10.7,1978-12-30
108,서울,Jan-79,0.9,5.1,13.4,1979-01-09,-2.8,-10.9,1979-01-14
108,서울,Feb-79,0.6,5,17.4,1979-02-21,-2.8,-13,1979-02-02
108,서울,Mar-79,6,11.3,18.4,1979-03-28,2,-4.1,1979-03-01
108,서울,Apr-79,11.2,16.2,23.8,1979-04-12,6.8,0.4,1979-04-04
108,서울,May-79,16.5,22.2,29.1,1979-05-30,11.6,8,1979-05-03
108,서울,Jun-79,21.4,25.4,28.9,1979-06-30,18.2,14.4,1979-06-11
108,서울,Jul-79,24.3,28.5,32.2,1979-07-27,21.3,17.5,1979-07-18
108,서울,Aug-79,25.4,29.5,32.6,1979-08-13,22,16.2,1979-08-28
108,서울,Sep-79,20.1,25,29.7,1979-09-05,15.9,8.9,1979-09-27
108,서울,Oct-79,15.9,21.9,26.3,1979-10-17,10.7,2.9,1979-10-22
108,서울,Nov-79,5.7,10.5,23.5,1979-11-03,1.6,-11.1,1979-11-14
108,서울,Dec-79,1.4,5.3,11.7,1979-12-19,-1.8,-10.7,1979-12-25
108,서울,Jan-80,-3.7,0.5,8.9,1980-01-28,-7.3,-15.9,1980-01-17
108,서울,Feb-80,-3.1,1.8,12,1980-02-29,-7,-14.5,1980-02-07
108,서울,Mar-80,5.2,10.8,18.1,1980-03-29,1,-2.6,1980-03-11
108,서울,Apr-80,10.1,15.3,21,1980-04-04,5.7,1.4,1980-04-02
108,서울,May-80,16.5,22.1,31.7,1980-05-31,11.6,7.5,1980-05-17
108,서울,Jun-80,21.6,26.5,31.6,1980-06-14,17.5,12.1,1980-06-02
108,서울,Jul-80,22.7,26.7,30.3,1980-07-09,19.9,16.9,1980-07-01
108,서울,Aug-80,22.8,26.7,30.6,1980-08-01,19.9,17.2,1980-08-08
108,서울,Sep-80,19.6,24.9,29,1980-09-01,15.2,8.1,1980-09-23
108,서울,Oct-80,13,18.7,25.6,1980-10-04,8.2,0,1980-10-26
108,서울,Nov-80,8.6,13.5,19.8,1980-11-19,4.3,-1.7,1980-11-14
108,서울,Dec-80,-3.8,0.3,12,1980-12-01,-7.4,-16.2,1980-12-29
108,서울,Jan-81,-7,-2.6,1.3,1981-01-31,-10.7,-16.5,1981-01-04
108,서울,Feb-81,-1.4,2.7,11.7,1981-02-14,-5,-15.6,1981-02-26
108,서울,Mar-81,5.7,11.5,21.7,1981-03-13,1,-5.1,1981-03-06
108,서울,Apr-81,11.9,17.8,25.3,1981-04-28,7,1.7,1981-04-03
108,서울,May-81,15.9,20.9,28.5,1981-05-27,11.6,5.4,1981-05-04
108,서울,Jun-81,21.8,26.8,30.7,1981-06-16,17.5,8.8,1981-06-01
108,서울,Jul-81,25.4,29.3,35.2,1981-07-31,22.5,19.2,1981-07-10
108,서울,Aug-81,24.5,28.7,33,1981-08-14,21.1,17.2,1981-08-31
108,서울,Sep-81,20,25,29,1981-09-23,15.8,11.6,1981-09-14
108,서울,Oct-81,13.4,18.1,23.3,1981-10-01,9,0.6,1981-10-23
108,서울,Nov-81,3.6,7.5,13.6,1981-11-01,-0.1,-7,1981-11-08
108,서울,Dec-81,0.1,4.1,10.2,1981-12-26,-3.7,-11,1981-12-02
108,서울,Jan-82,-3.5,0.8,6.8,1982-01-11,-7.1,-14.1,1982-01-29
108,서울,Feb-82,0.6,5.5,12.3,1982-02-23,-3.4,-11.8,1982-02-07
108,서울,Mar-82,5.9,10.9,17,1982-03-13,1.7,-5.3,1982-03-07
108,서울,Apr-82,12.3,18.1,27.5,1982-04-25,7.5,3.1,1982-04-10
108,서울,May-82,17.9,22.9,28.9,1982-05-30,13.7,8,1982-05-05
108,서울,Jun-82,21.9,27.3,30.6,1982-06-05,17.4,11.7,1982-06-03
108,서울,Jul-82,25.1,30.1,33.7,1982-07-14,21.3,18.3,1982-07-01
108,서울,Aug-82,25.4,29.2,35.5,1982-08-11,22.4,18.3,1982-08-31
108,서울,Sep-82,20.8,26.3,30.9,1982-09-01,15.5,9.9,1982-09-27
108,서울,Oct-82,15.8,21.8,28.2,1982-10-08,10.8,-1.1,1982-10-25
108,서울,Nov-82,7.9,12.5,21.4,1982-11-07,3.8,-7.1,1982-11-25
108,서울,Dec-82,-0.1,3.7,10.6,1982-12-21,-3.5,-9.8,1982-12-06
108,서울,Jan-83,-1.7,2.6,9.2,1983-01-06,-5.4,-13.9,1983-01-09
108,서울,Feb-83,-1.7,2.4,10.3,1983-02-28,-5.6,-13.3,1983-02-12
108,서울,Mar-83,6.4,11.3,18.9,1983-03-30,2,-3.6,1983-03-14
108,서울,Apr-83,13.6,19,26.7,1983-04-10,8.4,0.8,1983-04-03
108,서울,May-83,18.5,23.7,29.9,1983-05-30,13.3,7.3,1983-05-02
108,서울,Jun-83,22.2,27.9,32.6,1983-06-19,17.4,13.4,1983-06-07
108,서울,Jul-83,23.6,26.8,30.9,1983-07-31,21,18.4,1983-07-06
108,서울,Aug-83,26,30,34.3,1983-08-05,22.9,17.8,1983-08-24
108,서울,Sep-83,22,26.1,31.5,1983-09-01,18.5,11.9,1983-09-30
108,서울,Oct-83,14.2,18.7,23.7,1983-10-01,10.1,2,1983-10-25
108,서울,Nov-83,6.7,11.2,18.5,1983-11-02,2.5,-6,1983-11-17
108,서울,Dec-83,-1.1,2.9,11.7,1983-12-10,-5.2,-13.5,1983-12-25
108,서울,Jan-84,-5.9,-1.7,4.1,1984-01-09,-9.5,-13.6,1984-01-27
108,서울,Feb-84,-3.5,1.3,8,1984-02-21,-7.3,-15.1,1984-02-06
108,서울,Mar-84,2.5,7.3,14.2,1984-03-29,-1.3,-6.5,1984-03-04
108,서울,Apr-84,12.1,17.9,23,1984-04-24,7.4,0.1,1984-04-06
108,서울,May-84,18.2,24,28.1,1984-05-20,13.5,7.7,1984-05-02
108,서울,Jun-84,22.6,27.7,34.2,1984-06-13,18.4,14.7,1984-06-10
108,서울,Jul-84,25.2,29.5,34.7,1984-07-31,22,19.2,1984-07-17
108,서울,Aug-84,26.3,30.5,35.2,1984-08-10,23.3,18.9,1984-08-17
108,서울,Sep-84,20.1,25,28.7,1984-09-07,16.3,10.1,1984-09-26
108,서울,Oct-84,13.8,19.5,25.7,1984-10-11,9,1.2,1984-10-21
108,서울,Nov-84,8.1,12.9,21.2,1984-11-06,4.1,-5.7,1984-11-28
108,서울,Dec-84,-0.9,3.5,14.5,1984-12-09,-4.2,-12.8,1984-12-29
108,서울,Jan-85,-5.9,-1.2,3.5,1985-01-03,-9.8,-16.7,1985-01-14
108,서울,Feb-85,-0.3,4.2,10.8,1985-02-28,-3.9,-11,1985-02-24
108,서울,Mar-85,4.3,9.5,19,1985-03-24,0.4,-8.2,1985-03-10
108,서울,Apr-85,11.6,17.8,24.8,1985-04-30,6.5,0,1985-04-01
108,서울,May-85,18.1,23.6,29.6,1985-05-16,13.3,9,1985-05-08
108,서울,Jun-85,22.1,27.3,31.9,1985-06-26,18,14.2,1985-06-03
108,서울,Jul-85,25.3,29.2,35.4,1985-07-29,22.1,18.7,1985-07-19
108,서울,Aug-85,26.3,30.4,34.3,1985-08-08,23.1,18.5,1985-08-11
108,서울,Sep-85,20.2,23.9,30.1,1985-09-01,17.3,10.1,1985-09-30
108,서울,Oct-85,14.7,19.6,25.7,1985-10-11,10.5,4.4,1985-10-21
108,서울,Nov-85,5.6,9.5,18.8,1985-11-07,2.1,-4.6,1985-11-29
108,서울,Dec-85,-3.4,0.4,8.2,1985-12-28,-6.9,-13.6,1985-12-10
108,서울,Jan-86,-5.4,-1.4,7.1,1986-01-18,-8.9,-19.2,1986-01-05
108,서울,Feb-86,-3.3,0.7,5.2,1986-02-16,-6.9,-12.7,1986-02-04
108,서울,Mar-86,4.9,10.2,18.6,1986-03-28,0.7,-5.4,1986-03-02
108,서울,Apr-86,11.9,17.8,24.3,1986-04-19,6.8,1.6,1986-04-07
108,서울,May-86,17.1,22.5,27.5,1986-05-30,12.4,8.5,1986-05-02
108,서울,Jun-86,21.9,26.3,32.4,1986-06-11,18.2,13.8,1986-06-07
108,서울,Jul-86,23.5,27,31.7,1986-07-31,20.5,15.4,1986-07-03
108,서울,Aug-86,24.5,28.3,32.8,1986-08-01,21.2,18.2,1986-08-29
108,서울,Sep-86,19.9,24.7,31,1986-09-01,15.8,10.2,1986-09-24
108,서울,Oct-86,12.7,17.2,23.9,1986-10-07,8.8,-0.5,1986-10-31
108,서울,Nov-86,5.2,9.5,16.2,1986-11-23,1.2,-5.7,1986-11-26
108,서울,Dec-86,1.9,5.4,13.2,1986-12-13,-1.4,-9.7,1986-12-26
108,서울,Jan-87,-3,1,8.9,1987-01-22,-6.9,-15.1,1987-01-14
108,서울,Feb-87,-0.1,4,12.8,1987-02-09,-3.8,-10.6,1987-02-01
108,서울,Mar-87,4,8.6,17.5,1987-03-23,0.1,-7.6,1987-03-25
108,서울,Apr-87,10.8,16.3,24.7,1987-04-05,6,0.4,1987-04-01
108,서울,May-87,17,22.4,29,1987-05-31,12.1,5.8,1987-05-03
108,서울,Jun-87,22.4,27.1,31.6,1987-06-25,17.8,12,1987-06-08
108,서울,Jul-87,23.7,27.1,31.2,1987-07-20,20.9,18.3,1987-07-16
108,서울,Aug-87,24.4,28.1,31.6,1987-08-14,21.6,18.4,1987-08-07
108,서울,Sep-87,20.1,25.2,28.6,1987-09-03,15.6,6.3,1987-09-27
108,서울,Oct-87,15.5,20.6,27.3,1987-10-10,10.9,2.6,1987-10-22
108,서울,Nov-87,7.5,12,19,1987-11-11,3.3,-9.2,1987-11-29
108,서울,Dec-87,0.9,4.9,11.8,1987-12-28,-2.6,-10.6,1987-12-31
108,서울,Jan-88,-2.1,1.9,10.1,1988-01-14,-5.7,-12.1,1988-01-24
108,서울,Feb-88,-1.5,3.2,12.2,1988-02-27,-5.3,-12.9,1988-02-03
108,서울,Mar-88,4.3,8.8,16.1,1988-03-30,0.1,-6.8,1988-03-07
108,서울,Apr-88,11.3,16.6,23.8,1988-04-17,6.7,3.2,1988-04-06
108,서울,May-88,17.9,23.4,31.7,1988-05-20,13,9.1,1988-05-02
108,서울,Jun-88,22.3,27.3,32.8,1988-06-26,18.2,13.9,1988-06-04
108,서울,Jul-88,24.4,27.8,31.6,1988-07-01,21.6,19,1988-07-29
108,서울,Aug-88,26.4,31,36.6,1988-08-10,22.8,18.4,1988-08-29
108,서울,Sep-88,21.4,26.5,30.8,1988-09-07,16.9,11,1988-09-27
108,서울,Oct-88,15,20.6,25.6,1988-10-04,9.8,2.2,1988-10-31
108,서울,Nov-88,5.5,10.6,17.9,1988-11-08,1.2,-5.6,1988-11-26
108,서울,Dec-88,0.1,4.3,13.9,1988-12-07,-3.7,-12.2,1988-12-16
108,서울,Jan-89,0.8,3.9,11.2,1989-01-07,-2.3,-11.2,1989-01-28
108,서울,Feb-89,2.4,7.1,15.4,1989-02-16,-1.3,-8.2,1989-02-03
108,서울,Mar-89,6.1,10.7,16.1,1989-03-19,2.3,-5,1989-03-08
108,서울,Apr-89,14.3,20.5,29.4,1989-04-21,8.8,3.7,1989-04-02
108,서울,May-89,17.9,23.4,29.6,1989-05-06,13.3,8.4,1989-05-15
108,서울,Jun-89,21.2,26.2,31.9,1989-06-23,16.9,12.8,1989-06-19
108,서울,Jul-89,24.5,28.5,33.3,1989-07-31,21.2,17.3,1989-07-02
108,서울,Aug-89,25.5,29.7,35.3,1989-08-05,21.7,17.4,1989-08-29
108,서울,Sep-89,20.7,25.1,29.5,1989-09-07,16.9,10.3,1989-09-20
108,서울,Oct-89,13.6,18.8,23.7,1989-10-01,9,1.9,1989-10-18
108,서울,Nov-89,7.1,11.2,17.4,1989-11-05,3.5,-6.3,1989-11-29
108,서울,Dec-89,1.4,4.9,14.7,1989-12-03,-1.9,-8.7,1989-12-31
108,서울,Jan-90,-3.2,0.2,7.8,1990-01-09,-6.6,-17.1,1990-01-25
108,서울,Feb-90,2.7,5.8,12.9,1990-02-28,-0.1,-5.2,1990-02-13
108,서울,Mar-90,7.2,11.5,18.8,1990-03-21,3.6,-1.3,1990-03-08
108,서울,Apr-90,11.3,16.3,26.3,1990-04-11,6.7,1.6,1990-04-04
108,서울,May-90,16.2,21,27.1,1990-05-09,12.2,7.2,1990-05-05
108,서울,Jun-90,20.7,24.6,29.4,1990-06-17,17.4,13.4,1990-06-01
108,서울,Jul-90,24.9,28.4,34.2,1990-07-29,22,16.7,1990-07-01
108,서울,Aug-90,26.4,30.9,35.5,1990-08-07,22.8,18.5,1990-08-17
108,서울,Sep-90,21.1,25.7,31.1,1990-09-02,17,10.2,1990-09-19
108,서울,Oct-90,15.4,21.3,27.1,1990-10-06,10.3,6.1,1990-10-18
108,서울,Nov-90,10,14.6,21.9,1990-11-04,5.8,-4.9,1990-11-21
108,서울,Dec-90,0.8,4.8,13.8,1990-12-08,-3,-12.9,1990-12-27
108,서울,Jan-91,-2.6,1.6,9.7,1991-01-20,-6.3,-12.9,1991-01-06
108,서울,Feb-91,-0.9,3.1,12,1991-02-14,-4.6,-15,1991-02-23
108,서울,Mar-91,4.9,9.6,18.9,1991-03-25,0.7,-6,1991-03-01
108,서울,Apr-91,13,19.1,25.6,1991-04-11,7.6,-3.4,1991-04-01
108,서울,May-91,17.5,22.8,31.1,1991-05-23,12.7,7.4,1991-05-04
108,서울,Jun-91,22.6,27.6,31.8,1991-06-28,18.3,15.2,1991-06-02
108,서울,Jul-91,24.3,27.8,32,1991-07-28,21.4,18,1991-07-08
108,서울,Aug-91,25.5,30,34.7,1991-08-20,21.6,15.7,1991-08-28
108,서울,Sep-91,21.1,25.5,31,1991-09-08,17.3,10.1,1991-09-29
108,서울,Oct-91,13.8,19.5,25.8,1991-10-01,8.8,4.1,1991-10-21
108,서울,Nov-91,6.5,10.9,17.6,1991-11-06,2.1,-4,1991-11-25
108,서울,Dec-91,2.2,5.9,12.9,1991-12-16,-1.5,-11.1,1991-12-29
108,서울,Jan-92,-0.2,3.4,7.6,1992-01-28,-3.4,-9.1,1992-01-19
108,서울,Feb-92,0.7,5,15.9,1992-02-28,-3.3,-7.8,1992-02-08
108,서울,Mar-92,7.6,12.2,20.2,1992-03-27,3.5,-1.5,1992-03-07
108,서울,Apr-92,12,17.5,24.3,1992-04-09,7.1,1.5,1992-04-12
108,서울,May-92,16.4,21.9,29.9,1992-05-30,11.7,7.1,1992-05-01
108,서울,Jun-92,20.9,26,29.8,1992-06-27,16.4,10.8,1992-06-08
108,서울,Jul-92,24.8,28.4,32.4,1992-07-06,22,19.1,1992-07-03
108,서울,Aug-92,24.8,28.9,32.8,1992-08-29,21.4,18.4,1992-08-15
108,서울,Sep-92,20.9,25.1,30.9,1992-09-05,16.9,9.3,1992-09-27
108,서울,Oct-92,14,18.9,25.1,1992-10-01,9.7,4,1992-10-26
108,서울,Nov-92,6.2,10.8,17.2,1992-11-07,2.1,-9,1992-11-27
108,서울,Dec-92,1.5,5.1,13.3,1992-12-05,-2,-9.7,1992-12-23
108,서울,Jan-93,-1.9,1.9,8.4,1993-01-24,-5.5,-11.1,1993-01-19
108,서울,Feb-93,1,5.3,14.2,1993-02-06,-2.9,-8.6,1993-02-24
108,서울,Mar-93,5.8,10.5,16.6,1993-03-27,1.9,-6.2,1993-03-02
108,서울,Apr-93,10.6,15.8,23.5,1993-04-21,6.3,-0.3,1993-04-09
108,서울,May-93,18.2,23.8,31.9,1993-05-29,13.3,9.4,1993-05-02
108,서울,Jun-93,21.3,25.8,29.2,1993-06-26,17.8,13.4,1993-06-02
108,서울,Jul-93,23.3,27.6,31.1,1993-07-07,19.8,16.2,1993-07-21
108,서울,Aug-93,23.2,27.5,30.6,1993-08-12,19.8,16.3,1993-08-30
108,서울,Sep-93,21.2,26.3,30.5,1993-09-01,16.9,10.8,1993-09-30
108,서울,Oct-93,13.4,19.3,25,1993-10-08,8.3,0.6,1993-10-31
108,서울,Nov-93,8.5,12.5,20.9,1993-11-11,5.2,-9,1993-11-24
108,서울,Dec-93,-0.2,3.8,10,1993-12-25,-3.8,-11.2,1993-12-15
108,서울,Jan-94,-0.9,3.1,10,1994-01-09,-4.7,-12.3,1994-01-19
108,서울,Feb-94,0.8,5.8,11.4,1994-02-19,-3.2,-10.8,1994-02-10
108,서울,Mar-94,4,8.9,18.6,1994-03-31,-0.1,-5.5,1994-03-01
108,서울,Apr-94,15.2,21.4,28.9,1994-04-06,10,5.7,1994-04-14
108,서울,May-94,17.9,23.1,28,1994-05-23,13.4,8.3,1994-05-05
108,서울,Jun-94,22.8,28.2,34.7,1994-06-17,18.1,13.4,1994-06-20
108,서울,Jul-94,28.5,32.6,38.4,1994-07-24,25.3,21.3,1994-07-02
108,서울,Aug-94,27.6,31.9,37,1994-08-09,24.4,19,1994-08-22
108,서울,Sep-94,21,26.1,32,1994-09-04,16.7,12.1,1994-09-25
108,서울,Oct-94,15.2,20.3,25.9,1994-10-09,11.3,3.2,1994-10-31
108,서울,Nov-94,9.3,13.6,19.8,1994-11-06,5.4,-2.2,1994-11-27
108,서울,Dec-94,1.1,4.7,12.4,1994-12-01,-2.4,-12.6,1994-12-16
108,서울,Jan-95,-2.1,1.8,10.3,1995-01-08,-5.7,-11.1,1995-01-30
108,서울,Feb-95,1.2,6,9.9,1995-02-11,-2.8,-7.9,1995-02-01
108,서울,Mar-95,6,10.3,17.1,1995-03-15,2.2,-3.6,1995-03-17
108,서울,Apr-95,11.3,16.7,25.2,1995-04-30,6.5,-0.4,1995-04-02
108,서울,May-95,17.1,22.1,29,1995-05-18,12.1,6.3,1995-05-11
108,서울,Jun-95,21.6,26.3,29.6,1995-06-21,17.5,12.1,1995-06-01
108,서울,Jul-95,24.5,27.8,33.6,1995-07-23,21.7,17.7,1995-07-05
108,서울,Aug-95,26,29.2,33.7,1995-08-15,23.4,18.8,1995-08-30
108,서울,Sep-95,20,24.5,28.4,1995-09-01,15.7,10.7,1995-09-28
108,서울,Oct-95,15.5,20.6,25.6,1995-10-13,10.7,4.2,1995-10-31
108,서울,Nov-95,6.2,11.5,18.6,1995-11-06,1.8,-4.3,1995-11-24
108,서울,Dec-95,-1,3,6.9,1995-12-12,-4.4,-10.3,1995-12-30
108,서울,Jan-96,-2.2,2.3,9.8,1996-01-13,-5.6,-10.7,1996-01-04
108,서울,Feb-96,-1.6,3.2,14,1996-02-13,-5.5,-13.8,1996-02-02
108,서울,Mar-96,4.9,9.5,17.5,1996-03-29,1,-3.8,1996-03-12
108,서울,Apr-96,10.2,15.1,23.3,1996-04-27,5.9,-0.9,1996-04-02
108,서울,May-96,18.4,24.2,31.4,1996-05-31,13.3,9.8,1996-05-10
108,서울,Jun-96,22.3,26.5,32.7,1996-06-01,19.1,15.1,1996-06-18
108,서울,Jul-96,24.4,28.3,34.6,1996-07-31,21.2,16.6,1996-07-09
108,서울,Aug-96,26,29.8,35.4,1996-08-01,22.9,17.6,1996-08-28
108,서울,Sep-96,22,27.3,30.9,1996-09-02,17.5,11.6,1996-09-21
108,서울,Oct-96,14.5,19.4,23.8,1996-10-04,10,-0.4,1996-10-27
108,서울,Nov-96,6.1,10.3,18.8,1996-11-11,2.4,-8,1996-11-30
108,서울,Dec-96,1.6,6,12.7,1996-12-15,-2.5,-10.5,1996-12-01
108,서울,Jan-97,-3.3,1.2,8,1997-01-01,-7.1,-13.7,1997-01-22
108,서울,Feb-97,0.7,5.6,15.1,1997-02-27,-3.5,-8.1,1997-02-03
108,서울,Mar-97,6.8,11.8,20.2,1997-03-13,2.5,-4.3,1997-03-03
108,서울,Apr-97,13,18.1,22.3,1997-04-20,8.4,2.7,1997-04-01
108,서울,May-97,17,21.5,27.9,1997-05-05,12.9,8.8,1997-05-09
108,서울,Jun-97,23.4,28.5,35,1997-06-15,18.9,12.4,1997-06-02
108,서울,Jul-97,26.1,30.1,36.1,1997-07-26,22.8,18.1,1997-07-07
108,서울,Aug-97,26.8,31.3,34.1,1997-08-08,23.2,19.6,1997-08-05
108,서울,Sep-97,20.2,25.4,31.9,1997-09-06,15.7,10.3,1997-09-22
108,서울,Oct-97,13.4,19,26.3,1997-10-02,8.2,-2,1997-10-31
108,서울,Nov-97,8.8,13.7,20.2,1997-11-11,4.6,-3.2,1997-11-19
108,서울,Dec-97,1.8,5.7,12.8,1997-12-19,-1.8,-11.3,1997-12-10
108,서울,Jan-98,-1.3,2.8,8.2,1998-01-03,-4.7,-15.4,1998-01-24
108,서울,Feb-98,3.4,7.8,15,1998-02-25,-0.6,-7.7,1998-02-10
108,서울,Mar-98,7.3,12.5,19.1,1998-03-29,2.8,-3.2,1998-03-20
108,서울,Apr-98,15.6,20.9,26.3,1998-04-11,11.1,1.9,1998-04-02
108,서울,May-98,19,24.3,31.4,1998-05-21,14,10.4,1998-05-11
108,서울,Jun-98,21.9,26.4,31.8,1998-06-22,18,13.2,1998-06-05
108,서울,Jul-98,24.9,28.6,32.2,1998-07-28,21.9,19.5,1998-07-26
108,서울,Aug-98,25,28.8,32,1998-08-02,22.1,17.4,1998-08-28
108,서울,Sep-98,23,27.8,32.8,1998-09-12,19,15.4,1998-09-17
108,서울,Oct-98,17,22,26.5,1998-10-02,12.7,4.9,1998-10-20
108,서울,Nov-98,7.3,12.2,20.5,1998-11-14,3.3,-6.8,1998-11-19
108,서울,Dec-98,2.3,6.6,12.9,1998-12-18,-1.7,-8.1,1998-12-10
108,서울,Jan-99,-0.8,3.5,12.4,1999-01-24,-4.7,-12.2,1999-01-09
108,서울,Feb-99,0.7,5,10.2,1999-02-16,-3.1,-12.3,1999-02-03
108,서울,Mar-99,6.7,11.7,18.8,1999-03-04,1.6,-6.2,1999-03-22
108,서울,Apr-99,13.9,19.3,28.2,1999-04-25,8.7,1.6,1999-04-07
108,서울,May-99,17.5,22.7,28.1,1999-05-31,12.4,10.2,1999-05-02
108,서울,Jun-99,23.1,28.3,33.6,1999-06-29,18.5,15.8,1999-06-03
108,서울,Jul-99,25.9,30,34.9,1999-07-20,22.3,18.2,1999-07-12
108,서울,Aug-99,26,30.2,35.4,1999-08-17,22.3,19.5,1999-08-28
108,서울,Sep-99,22.9,27,32,1999-09-13,19.4,12.8,1999-09-21
108,서울,Oct-99,14.3,19.1,24,1999-10-12,10,1.5,1999-10-17
108,서울,Nov-99,7.9,12.6,18.6,1999-11-09,3.8,-6.1,1999-11-26
108,서울,Dec-99,0.4,4.4,12,1999-12-10,-3.4,-11.5,1999-12-21
108,서울,Jan-00,-2.1,1.7,9.9,2000-01-01,-5.7,-12.1,2000-01-07
108,서울,Feb-00,-1.7,2.6,7.5,2000-02-19,-5.8,-11.6,2000-02-01
108,서울,Mar-00,6.3,11.4,18.9,2000-03-27,1.7,-4.8,2000-03-08
108,서울,Apr-00,11.9,16.9,23.5,2000-04-20,7.3,1.8,2000-04-11
108,서울,May-00,17.5,22.7,30.5,2000-05-25,12.9,7.9,2000-05-02
108,서울,Jun-00,23.7,29.2,33.9,2000-06-18,19.1,14.6,2000-06-09
108,서울,Jul-00,26.8,31,34.2,2000-07-06,23.1,19.9,2000-07-01
108,서울,Aug-00,26.2,30,35.1,2000-08-02,22.9,19,2000-08-21
108,서울,Sep-00,20.7,24.8,31,2000-09-03,17.1,11.9,2000-09-19
108,서울,Oct-00,14.9,19.2,26.5,2000-10-07,10.7,3.5,2000-10-30
108,서울,Nov-00,7,11.1,20.3,2000-11-06,2.7,-3.8,2000-11-22
108,서울,Dec-00,0.9,4.9,11.9,2000-12-09,-2.9,-11.4,2000-12-26
108,서울,01-Jan,-4.1,-0.8,6.8,2001-01-25,-7.8,-18.6,2001-01-15
108,서울,01-Feb,-0.3,3.7,12.2,2001-02-22,-3.7,-10.4,2001-02-02
108,서울,01-Mar,5,9.6,21,2001-03-24,0.9,-6.1,2001-03-08
108,서울,01-Apr,13.6,19.2,28.2,2001-04-09,8.7,2.1,2001-04-03
108,서울,01-May,19.1,24.7,31.5,2001-05-21,14.8,10.4,2001-05-10
108,서울,01-Jun,22.5,27.1,32.7,2001-06-10,19.2,15.6,2001-06-01
108,서울,01-Jul,25.9,29.9,32.8,2001-07-26,22.9,20.3,2001-07-10
108,서울,01-Aug,26.5,30.8,35.3,2001-08-17,22.8,19.4,2001-08-13
108,서울,01-Sep,22.5,27.5,31.7,2001-09-03,17.9,11,2001-09-22
108,서울,01-Oct,16.5,21,25.3,2001-10-14,12.4,8.8,2001-10-19
108,서울,01-Nov,7,11.5,16,2001-11-09,2.9,-3.1,2001-11-27
108,서울,01-Dec,-0.6,3.4,10.9,2001-12-11,-4,-8.8,2001-12-18
108,서울,02-Jan,0.3,3.9,13.5,2002-01-15,-2.9,-12,2002-01-03
108,서울,02-Feb,2.9,7.1,12.6,2002-02-24,-0.8,-5.1,2002-02-09
108,서울,02-Mar,7.6,12.4,19.4,2002-03-13,3.6,-2.9,2002-03-07
108,서울,02-Apr,13.6,18.6,27.7,2002-04-22,8.8,4.3,2002-04-10
108,서울,02-May,18.2,23.5,27.7,2002-05-23,13.3,10,2002-05-08
108,서울,02-Jun,22.2,27.3,32,2002-06-29,17.9,14.5,2002-06-26
108,서울,02-Jul,25.2,28.8,34.8,2002-07-28,22.2,18.9,2002-07-20
108,서울,02-Aug,24.2,27.5,32.2,2002-08-29,21.4,17.9,2002-08-12
108,서울,02-Sep,21.6,26.1,30.6,2002-09-03,17.8,13.5,2002-09-23
108,서울,02-Oct,12.8,17.7,24.9,2002-10-17,8.8,-0.3,2002-10-28
108,서울,02-Nov,4,8,16.7,2002-11-07,0.3,-4.8,2002-11-19
108,서울,02-Dec,1.7,5.3,15.9,2002-12-04,-1.6,-9.1,2002-12-10
108,서울,03-Jan,-2.5,1.1,8.7,2003-01-13,-5.8,-15.5,2003-01-05
108,서울,03-Feb,2.7,6.6,11.9,2003-02-28,-0.7,-8.3,2003-02-12
108,서울,03-Mar,6.5,10.6,20.9,2003-03-31,2.9,-5,2003-03-04
108,서울,03-Apr,13.2,17.9,24.6,2003-04-28,9,4.8,2003-04-10
108,서울,03-May,19.6,25,30.4,2003-05-28,14.4,8.5,2003-05-01
108,서울,03-Jun,21.5,25.8,31.1,2003-06-09,18,14.4,2003-06-07
108,서울,03-Jul,23.8,27.7,31.4,2003-07-30,20.7,18.3,2003-07-18
108,서울,03-Aug,24.1,27.6,32.2,2003-08-05,21.3,16.6,2003-08-31
108,서울,03-Sep,20.9,24.9,28.7,2003-09-08,17.5,13.8,2003-09-22
108,서울,03-Oct,13.9,19,26,2003-10-10,9.6,2.7,2003-10-29
108,서울,03-Nov,9.5,13.5,21.3,2003-11-02,5.9,-3.2,2003-11-22
108,서울,03-Dec,0.7,4.4,12,2003-12-01,-2.8,-8.1,2003-12-20
108,서울,04-Jan,-1.5,2.1,8.1,2004-01-05,-4.9,-16.7,2004-01-22
108,서울,04-Feb,2.3,6.9,18.7,2004-02-20,-1.6,-7.8,2004-02-06
108,서울,04-Mar,6.3,11.1,18.7,2004-03-16,2.1,-5.6,2004-03-07
108,서울,04-Apr,13.1,18.3,27.3,2004-04-18,8.5,2.7,2004-04-04
108,서울,04-May,17.6,22.2,27.6,2004-05-27,13.7,8.8,2004-05-05
108,서울,04-Jun,23.2,27.7,32.5,2004-06-03,19.3,14.6,2004-06-01
108,서울,04-Jul,24.8,27.7,34.5,2004-07-31,22.3,19.5,2004-07-05
108,서울,04-Aug,26.1,30.2,36.2,2004-08-10,22.8,18.7,2004-08-24
108,서울,04-Sep,21.7,26.3,31.3,2004-09-05,17.8,12.8,2004-09-22
108,서울,04-Oct,15.2,20.8,25.6,2004-10-08,10.3,5.3,2004-10-27
108,서울,04-Nov,9.1,13.4,21.5,2004-11-09,5.3,0.2,2004-11-13
108,서울,04-Dec,1.9,5.8,16.2,2004-12-03,-1.4,-8.3,2004-12-30
108,서울,05-Jan,-2.5,1.5,7.3,2005-01-28,-6.2,-11,2005-01-31
108,서울,05-Feb,-1.9,2.2,10.5,2005-02-17,-5.5,-13.1,2005-02-01
108,서울,05-Mar,4.1,8.8,17.6,2005-03-27,0.2,-6.5,2005-03-12
108,서울,05-Apr,13.2,18.1,29.8,2005-04-30,8.9,4.1,2005-04-04
108,서울,05-May,17.7,22.9,30.2,2005-05-29,13,6.3,2005-05-07
108,서울,05-Jun,22.7,27.3,32,2005-06-24,19.1,15.5,2005-06-01
108,서울,05-Jul,25.3,28.8,34.2,2005-07-22,22.7,18.3,2005-07-12
108,서울,05-Aug,25.1,28.7,35,2005-08-06,22.4,16.5,2005-08-24
108,서울,05-Sep,21.8,25.7,30.8,2005-09-11,18.6,13.8,2005-09-21
108,서울,05-Oct,14.7,19.4,24.9,2005-10-06,10.7,3,2005-10-23
108,서울,05-Nov,8.6,12.9,21.8,2005-11-04,4.6,-1.1,2005-11-16
108,서울,05-Dec,-3.9,-0.1,11.1,2005-12-01,-7.4,-14,2005-12-18
108,서울,06-Jan,-0.2,3.4,9.3,2006-01-14,-3.3,-10.1,2006-01-06
108,서울,06-Feb,0.1,4.2,11.5,2006-02-24,-4,-14.1,2006-02-03
108,서울,06-Mar,5.2,9.9,17.2,2006-03-22,0.9,-6.9,2006-03-13
108,서울,06-Apr,11.6,16.2,22.2,2006-04-11,7.7,2.9,2006-04-16
108,서울,06-May,18.4,23.4,28.3,2006-05-21,14,10.8,2006-05-14
108,서울,06-Jun,21.8,26.3,32.4,2006-06-02,18.1,14.1,2006-06-12
108,서울,06-Jul,23.1,26,30.1,2006-07-31,20.9,17.5,2006-07-18
108,서울,06-Aug,27,31.1,34.7,2006-08-04,23.9,20.8,2006-08-19
108,서울,06-Sep,21.1,25.7,30.3,2006-09-02,16.9,11.3,2006-09-11
108,서울,06-Oct,17.9,22.6,27.5,2006-10-04,13.9,7.9,2006-10-30
108,서울,06-Nov,8.4,12.4,20.2,2006-11-03,4.5,-1.3,2006-11-07
108,서울,06-Dec,1.4,5.4,12.6,2006-12-26,-2,-12.3,2006-12-29
108,서울,07-Jan,0.4,4.1,11.8,2007-01-04,-2.8,-7.6,2007-01-14
108,서울,07-Feb,4,8.7,14.8,2007-02-28,0.1,-8.6,2007-02-02
108,서울,07-Mar,6.1,10.3,16.2,2007-03-23,2.3,-7.6,2007-03-06
108,서울,07-Apr,11.4,16.1,22.5,2007-04-29,7.5,1.6,2007-04-03
108,서울,07-May,18.1,23.4,30.1,2007-05-27,13.6,9,2007-05-10
108,서울,07-Jun,23.2,27.7,33.2,2007-06-18,19.2,14.1,2007-06-09
108,서울,07-Jul,24.2,27.8,31.2,2007-07-30,21.3,17.7,2007-07-11
108,서울,07-Aug,26.5,29.9,33.2,2007-08-23,23.8,19.8,2007-08-31
108,서울,07-Sep,21.5,25.1,31.1,2007-09-20,18.6,14.1,2007-09-29
108,서울,07-Oct,15.1,19.6,26.2,2007-10-05,11.3,3.2,2007-10-20
108,서울,07-Nov,6.7,11.4,19.3,2007-11-08,2.8,-5.5,2007-11-19
108,서울,07-Dec,1.8,5.4,13.8,2007-12-26,-1.4,-7.4,2007-12-30
108,서울,08-Jan,-1.7,1.9,7.3,2008-01-06,-5,-11.1,2008-01-17
108,서울,08-Feb,-1.2,3.2,10.5,2008-02-22,-4.9,-10.1,2008-02-13
108,서울,08-Mar,7.3,11.9,19.8,2008-03-21,3.7,-1.7,2008-03-05
108,서울,08-Apr,14.1,19.5,28,2008-04-19,9.3,3.8,2008-04-04
108,서울,08-May,17.7,22.7,28.5,2008-05-29,13.1,8.1,2008-05-14
108,서울,08-Jun,21.5,26.1,29.6,2008-06-20,17.6,13.7,2008-06-05
108,서울,08-Jul,25.1,28.4,32.9,2008-07-09,22.6,20.2,2008-07-01
108,서울,08-Aug,25.3,29.5,35.4,2008-08-08,21.8,16.3,2008-08-22
108,서울,08-Sep,22,26.9,32,2008-09-17,18,10.3,2008-09-27
108,서울,08-Oct,16.1,21,28.3,2008-10-18,12.1,5.6,2008-10-28
108,서울,08-Nov,7.6,11.7,18.4,2008-11-06,3.8,-7.2,2008-11-19
108,서울,08-Dec,1.1,5,13.3,2008-12-10,-2.7,-13.1,2008-12-06
108,서울,09-Jan,-2,2.3,12.2,2009-01-30,-5.5,-11.4,2009-01-24
108,서울,09-Feb,2.9,6.8,16.1,2009-02-13,-0.6,-8.6,2009-02-17
108,서울,09-Mar,6,10.6,22.2,2009-03-21,1.8,-3.3,2009-03-14
108,서울,09-Apr,12.7,18,25.8,2009-04-19,8.1,2.2,2009-04-01
108,서울,09-May,19.1,24.3,31,2009-05-28,14.6,9.8,2009-05-05
108,서울,09-Jun,22.4,26.7,32.4,2009-06-27,18.8,14.3,2009-06-01
108,서울,09-Jul,24.3,28.2,32.4,2009-07-16,21,18.7,2009-07-10
108,서울,09-Aug,25.7,29.5,34.4,2009-08-16,22.4,16.4,2009-08-31
108,서울,09-Sep,21.8,26.3,29.9,2009-09-06,17.7,14.4,2009-09-22
108,서울,09-Oct,16,20.9,26.4,2009-10-01,11.7,6.2,2009-10-20
108,서울,09-Nov,6.9,10.4,21.8,2009-11-09,3.7,-4.3,2009-11-18
108,서울,09-Dec,-1,2.5,10.1,2009-12-01,-4.2,-12.9,2009-12-31
108,서울,10-Jan,-4.5,-0.7,8.4,2010-01-20,-8.1,-15.3,2010-01-13
108,서울,10-Feb,1.4,4.9,17.9,2010-02-24,-1.7,-10.8,2010-02-03
108,서울,10-Mar,4.3,8.1,14.2,2010-03-30,0.5,-4,2010-03-10
108,서울,10-Apr,9.5,14,20.7,2010-04-20,5.6,1.1,2010-04-03
108,서울,10-May,17.2,22,28.6,2010-05-21,13,5.8,2010-05-01
108,서울,10-Jun,23.4,28.2,32.7,2010-06-10,19.3,12.1,2010-06-01
108,서울,10-Jul,25.8,29.3,32.3,2010-07-20,23.1,21,2010-07-12
108,서울,10-Aug,26.5,30,33.8,2010-08-05,23.8,19.9,2010-08-25
108,서울,10-Sep,21.8,26,31.4,2010-09-01,18.5,8.4,2010-09-30
108,서울,10-Oct,14.5,19.3,24.2,2010-10-09,10.4,0.7,2010-10-27
108,서울,10-Nov,6.5,11.3,17.4,2010-11-13,2.5,-5.2,2010-11-28
108,서울,10-Dec,-1.3,3.1,13.5,2010-12-02,-5.1,-15.1,2010-12-24
108,서울,11-Jan,-7.2,-3.4,0.3,2011-01-14,-10.5,-17.8,2011-01-16
108,서울,11-Feb,1.2,5.9,13.2,2011-02-26,-2.5,-9.2,2011-02-12
108,서울,11-Mar,3.6,8.3,16.8,2011-03-31,-0.1,-5.5,2011-03-03
108,서울,11-Apr,10.7,15.6,19,2011-04-15,6.8,4.3,2011-04-01
108,서울,11-May,17.9,23,31.2,2011-05-29,13.6,8.5,2011-05-02
108,서울,11-Jun,22,26.6,32.9,2011-06-19,18.4,14.4,2011-06-03
108,서울,11-Jul,24.6,28,34.1,2011-07-18,22,18.9,2011-07-04
108,서울,11-Aug,25.8,29.5,34.1,2011-08-05,23,18.1,2011-08-23
108,서울,11-Sep,21.8,26.6,32.4,2011-09-02,17.7,10.3,2011-09-30
108,서울,11-Oct,14.2,19.3,23.4,2011-10-13,9.7,3.1,2011-10-26
108,서울,11-Nov,10.7,14.7,25.9,2011-11-05,7.2,-5.5,2011-11-24
108,서울,11-Dec,-0.9,2.9,9.1,2011-12-03,-4.1,-10.6,2011-12-17
108,서울,12-Jan,-2.8,1.3,8.4,2012-01-19,-6.3,-12.2,2012-01-23
108,서울,12-Feb,-2,3,12.1,2012-02-22,-6,-17.1,2012-02-02
108,서울,12-Mar,5.1,9.5,16.2,2012-03-29,1.5,-5.7,2012-03-12
108,서울,12-Apr,12.3,17.9,29.4,2012-04-30,7.8,0.6,2012-04-07
108,서울,12-May,19.7,25.1,29.3,2012-05-22,15.4,12,2012-05-18
108,서울,12-Jun,24.1,29.7,33.5,2012-06-19,20,16.3,2012-06-01
108,서울,12-Jul,25.4,29,33.2,2012-07-29,22.4,18.5,2012-07-07
108,서울,12-Aug,27.1,30.9,36.7,2012-08-05,23.9,18.7,2012-08-31
108,서울,12-Sep,21,25,29.5,2012-09-02,17.4,12,2012-09-30
108,서울,12-Oct,15.3,20.5,26,2012-10-03,11,2.8,2012-10-31
108,서울,12-Nov,5.5,9.5,15.7,2012-11-03,1.8,-3,2012-11-30
108,서울,12-Dec,-4.1,-0.5,8.3,2012-12-15,-7.4,-14.5,2012-12-26
108,서울,13-Jan,-3.4,0.3,11.5,2013-01-31,-6.6,-16.4,2013-01-03
108,서울,13-Feb,-1.2,2.8,13.9,2013-02-28,-4.9,-15.8,2013-02-08
108,서울,13-Mar,5.1,10.8,23.8,2013-03-09,0.7,-4.4,2013-03-02
108,서울,13-Apr,10,15,21.6,2013-04-28,5.7,1.3,2013-04-10
108,서울,13-May,18.2,23.6,31.8,2013-05-25,13.7,7.9,2013-05-06
108,서울,13-Jun,24.4,29.2,32.6,2013-06-29,20.5,16.3,2013-06-02
108,서울,13-Jul,25.5,28.3,31.3,2013-07-01,23.4,20.5,2013-07-03
108,서울,13-Aug,27.7,31.1,33.9,2013-08-21,24.8,21.1,2013-08-31
108,서울,13-Sep,21.8,25.9,31.1,2013-09-18,18,10.9,2013-09-27
108,서울,13-Oct,15.8,21.2,28.1,2013-10-05,10.9,4.3,2013-10-26
108,서울,13-Nov,6.2,10.7,20.7,2013-11-01,2.1,-6.4,2013-11-28
108,서울,13-Dec,-0.2,3.5,11,2013-12-07,-3.5,-9.8,2013-12-28
108,서울,14-Jan,-0.7,3.5,8.2,2014-01-29,-4.9,-10.5,2014-01-13
108,서울,14-Feb,1.9,6.6,16.4,2014-02-26,-1.8,-10.5,2014-02-04
108,서울,14-Mar,7.9,13.1,23.8,2014-03-28,3.5,-4.6,2014-03-07
108,서울,14-Apr,14,19.6,26.2,2014-04-24,9.4,2.3,2014-04-06
108,서울,14-May,18.9,25.3,33.3,2014-05-31,13.8,6.8,2014-05-05
108,서울,14-Jun,23.1,27.8,31.1,2014-06-06,19.7,17.3,2014-06-12
108,서울,14-Jul,26.1,30.6,34.4,2014-07-31,22.9,19.1,2014-07-24
108,서울,14-Aug,25.2,29,35.8,2014-08-02,22.1,18.3,2014-08-11
108,서울,14-Sep,22.1,27,31.3,2014-09-07,18,14.9,2014-09-19
108,서울,14-Oct,15.6,21.4,29,2014-10-12,10.7,2.7,2014-10-28
108,서울,14-Nov,9,13.8,22.9,2014-11-01,4.9,-3.1,2014-11-13
108,서울,14-Dec,-2.9,1.5,7.9,2014-12-01,-6.7,-13.2,2014-12-18
108,서울,15-Jan,-0.9,3.6,9,2015-01-15,-4.8,-9.8,2015-01-01
108,서울,15-Feb,1,6,13,2015-02-15,-2.9,-13,2015-02-09
108,서울,15-Mar,6.3,12.4,21.9,2015-03-20,1,-6.9,2015-03-10
108,서울,15-Apr,13.3,18.8,28.3,2015-04-30,8.4,3.5,2015-04-08
108,서울,15-May,18.9,24.9,32.2,2015-05-28,13.6,8.3,2015-05-05
108,서울,15-Jun,23.6,29.5,34.9,2015-06-10,18.9,15.6,2015-06-21
108,서울,15-Jul,25.8,30,36,2015-07-11,22.6,18.2,2015-07-04
108,서울,15-Aug,26.3,30.8,34.4,2015-08-07,22.8,18.9,2015-08-26
108,서울,15-Sep,22.4,28.1,31,2015-09-22,17.5,14.2,2015-09-27
108,서울,15-Oct,15.5,21.2,26.6,2015-10-17,10.8,1.1,2015-10-31
108,서울,15-Nov,8.9,12.7,21,2015-11-12,5.9,-7.3,2015-11-27
108,서울,15-Dec,1.6,6,12.2,2015-12-13,-2.1,-9.5,2015-12-28
108,서울,16-Jan,-3.2,1.1,9.5,2016-01-02,-6.8,-18,2016-01-24
108,서울,16-Feb,0.2,5.1,14.4,2016-02-13,-4.1,-10,2016-02-15
108,서울,16-Mar,7,12.6,21.4,2016-03-31,2.4,-7.5,2016-03-01
108,서울,16-Apr,14.1,20.3,29.6,2016-04-26,9.1,5.1,2016-04-04
108,서울,16-May,19.6,25.7,31.9,2016-05-19,14.1,8.9,2016-05-03
108,서울,16-Jun,23.6,28.7,32.2,2016-06-05,19.5,17.1,2016-06-01
108,서울,16-Jul,26.2,29.8,34.1,2016-07-22,23.3,19.8,2016-07-16
108,서울,16-Aug,28,32.6,36.6,2016-08-21,24.5,16.1,2016-08-31
108,서울,16-Sep,23.1,27.9,31.1,2016-09-05,19.3,14.3,2016-09-21
108,서울,16-Oct,16.1,21.3,29,2016-10-04,11.6,0.7,2016-10-31
108,서울,16-Nov,6.8,11.6,18.6,2016-11-19,2.8,-6.2,2016-11-24
108,서울,16-Dec,1.2,5.8,13.6,2016-12-20,-2.7,-9.8,2016-12-16
108,서울,17-Jan,-1.8,2.9,11.4,2017-01-06,-5.8,-12.6,2017-01-23
108,서울,17-Feb,-0.2,4.8,12.3,2017-02-28,-4.7,-9.3,2017-02-10
108,서울,17-Mar,6.3,12.3,18.9,2017-03-19,1.7,-5.3,2017-03-08
108,서울,17-Apr,13.9,20,27.8,2017-04-30,9.1,3.1,2017-04-02
108,서울,17-May,19.5,25.4,30.3,2017-05-30,14.4,10,2017-05-06
108,서울,17-Jun,23.3,28.8,34.1,2017-06-23,18.7,14.5,2017-06-06
108,서울,17-Jul,26.9,30.4,35.4,2017-07-25,24.3,21.9,2017-07-03
108,서울,17-Aug,25.9,29.7,35.3,2017-08-04,22.9,16.1,2017-08-30
108,서울,17-Sep,22.1,27.4,31.4,2017-09-26,17.5,11.2,2017-09-29
108,서울,17-Oct,16.4,22.5,29.4,2017-10-02,11.6,2.5,2017-10-30
108,서울,17-Nov,5.6,10.5,18.4,2017-11-07,1.3,-6.6,2017-11-19
108,서울,17-Dec,-1.9,2.2,8.7,2017-12-23,-5.7,-12.3,2017-12-12
108,서울,18-Jan,-4,0.1,8.7,2018-01-17,-7.3,-17.8,2018-01-26
108,서울,18-Feb,-1.6,3.3,10.4,2018-02-26,-5.9,-13.4,2018-02-07
108,서울,18-Mar,8.1,13.6,22.1,2018-03-14,3.8,-6.7,2018-03-02
108,서울,18-Apr,13,18.5,26.3,2018-04-20,8.1,0.1,2018-04-09
108,서울,18-May,18.2,23.3,29.6,2018-05-26,13.4,6.9,2018-05-03
108,서울,18-Jun,23.1,28.4,32.9,2018-06-25,18.9,16.3,2018-06-16
108,서울,18-Jul,27.8,32.1,38.3,2018-07-31,24.2,17.7,2018-07-08
108,서울,18-Aug,28.8,33.3,39.6,2018-08-01,25.2,20.2,2018-08-27
108,서울,18-Sep,21.5,26,30.9,2018-09-01,17.6,10.8,2018-09-25
108,서울,18-Oct,13.1,18.6,25.6,2018-10-04,8.5,0.7,2018-10-30
108,서울,18-Nov,7.8,13.2,19.4,2018-11-04,3.6,-3.1,2018-11-23
108,서울,18-Dec,-0.6,4.1,13.5,2018-12-03,-4.7,-14.4,2018-12-28
108,서울,19-Jan,-0.9,4.1,8.5,2019-01-19,-5.1,-10.1,2019-01-16
108,서울,19-Feb,1,6,14.5,2019-02-23,-3.2,-10.2,2019-02-08
108,서울,19-Mar,7.1,12.4,17.6,2019-03-26,2.7,-1.7,2019-03-14
108,서울,19-Apr,12.1,17.6,28.2,2019-04-22,7.2,0.3,2019-04-01
108,서울,19-May,19.4,25.6,33.4,2019-05-24,13.7,8.4,2019-05-07
108,서울,19-Jun,22.5,27.7,32.8,2019-06-25,18.1,14.1,2019-06-02
108,서울,19-Jul,25.9,30.1,36.1,2019-07-06,22.7,19.3,2019-07-10
108,서울,19-Aug,27.2,31.6,36.8,2019-08-06,23.6,18.5,2019-08-31
108,서울,19-Sep,22.6,27.1,30.5,2019-09-16,19,13.6,2019-09-19
108,서울,19-Oct,16.4,21.8,28.2,2019-10-01,11.8,4.7,2019-10-27
108,서울,19-Nov,7.6,12.9,22.1,2019-11-03,3.1,-4.6,2019-11-20
108,서울,19-Dec,1.4,5.3,12.9,2019-12-16,-2.6,-10.9,2019-12-31
108,서울,20-Jan,1.6,5.9,11.9,2020-01-26,-1.7,-6.5,2020-01-01
108,서울,20-Feb,2.5,7.2,15.6,2020-02-15,-1.3,-11.8,2020-02-06
108,서울,20-Mar,7.7,13.3,20.6,2020-03-26,2.6,-2.8,2020-03-05
108,서울,20-Apr,11.1,16.6,23.8,2020-04-16,6.3,1.9,2020-04-05
108,서울,20-May,18,23.3,30,2020-05-30,13.7,9.2,2020-05-20
108,서울,20-Jun,23.9,29,35.4,2020-06-22,19.9,14.8,2020-06-02
108,서울,20-Jul,24.1,28,32.9,2020-07-09,21.1,17.2,2020-07-14
108,서울,20-Aug,26.5,29.3,34.5,2020-08-26,24.4,21.5,2020-08-23
108,서울,20-Sep,21.4,25.6,29.5,2020-09-01,18,13.6,2020-09-21
108,서울,20-Oct,14.3,19.5,23.6,2020-10-01,9.6,3.2,2020-10-24
108,서울,20-Nov,8,12.6,20,2020-11-17,4,-3.6,2020-11-30
108,서울,20-Dec,-0.3,3.9,11.4,2020-12-28,-4.2,-12.9,2020-12-31
108,서울,21-Jan,-2.4,2.2,13.9,2021-01-25,-6.8,-18.6,2021-01-08
108,서울,21-Feb,2.7,7.9,17.4,2021-02-21,-2.2,-10.6,2021-02-18
108,서울,21-Mar,9,14.8,22.9,2021-03-31,4.3,-1.2,2021-03-03
108,서울,21-Apr,14.2,19.5,28.2,2021-04-21,9.5,3.1,2021-04-14
108,서울,21-May,17.1,21.9,30.8,2021-05-14,12.8,7.3,2021-05-02
108,서울,21-Jun,22.8,27.6,31.6,2021-06-09,18.9,13.3,2021-06-04
108,서울,21-Jul,28.1,32.2,36.5,2021-07-24,24.6,19.6,2021-07-03
108,서울,21-Aug,25.9,29.7,33.7,2021-08-05,22.8,18.1,2021-08-31
108,서울,21-Sep,22.6,26.9,30.3,2021-09-13,18.8,16,2021-09-30
108,서울,21-Oct,15.6,20.5,28.8,2021-10-03,11.6,1.3,2021-10-17
108,서울,21-Nov,8.2,13.1,21.3,2021-11-07,4,-3.7,2021-11-23
108,서울,21-Dec,0.6,5.1,13.3,2021-12-08,-3.5,-15.5,2021-12-26
108,서울,22-Jan,-2.2,2.6,8.4,2022-01-24,-6.2,-11.3,2022-01-12
108,서울,22-Feb,-1.1,3.8,11.5,2022-02-28,-5.3,-10.7,2022-02-17
108,서울,22-Mar,7.7,12.7,19.5,2022-03-12,3.2,-3,2022-03-06
108,서울,22-Apr,14.8,20.6,28.7,2022-04-26,10,3.5,2022-04-03
108,서울,22-May,19.1,25,30.7,2022-05-23,13.9,7.9,2022-05-01
108,서울,22-Jun,23.3,27.5,32.7,2022-06-11,19.8,14.9,2022-06-15
108,서울,22-Jul,27.3,31,36.1,2022-07-30,24.2,20.8,2022-07-21
108,서울,22-Aug,25.7,28.9,32.9,2022-08-04,23.1,16.1,2022-08-28
108,서울,22-Sep,22.4,27.2,32.5,2022-09-18,18.2,12.3,2022-09-24
108,서울,22-Oct,14.6,19.7,27.6,2022-10-01,10.3,4.4,2022-10-19
108,서울,22-Nov,10,15.4,22.1,2022-11-11,5.6,-8.1,2022-11-30
108,서울,22-Dec,-2.8,1.7,10.2,2022-12-09,-6.6,-13.7,2022-12-23
108,서울,23-Jan,-1.5,3.2,12.5,2023-01-12,-5.7,-17.3,2023-01-25
108,서울,23-Feb,2.3,7.3,12.4,2023-02-27,-1.9,-5.3,2023-02-21
108,서울,23-Mar,9.8,16.2,25.1,2023-03-22,4.2,-1.9,2023-03-13
108,서울,23-Apr,13.8,19,28.4,2023-04-19,8.8,3.1,2023-04-08
108,서울,23-May,,,31.2,2023-05-16,,7.9,2023-05-08
